0.,0,0,0
0.001,-1.6555679544616942e-10,0.002320608002678175,0.3061952257702079
0.002,-9.875953075935798e-14,0.001980084708881726,0.3061952257702074
0.003,-3.7983291074545185e-13,0.0025688827845752773,0.3061952257702074
0.004,1.8454723247917663e-11,0.0032949631067288685,0.30619522577020786
0.005,-2.9841191022455284e-11,0.004060748443162992,0.30619522577020647
0.006,1.9082365914413583e-11,0.004842174342033169,0.30619522577020863
0.007,-1.9902875534430612e-10,0.005630973875263298,0.306195225770195
0.008,-8.386764748623546e-11,0.006423706824655908,0.3061952257702057
0.009000000000000001,2.674878948134995e-10,0.0072187273099417045,0.30619522577024216
0.01,-1.54144559608378e-10,0.008015161358206449,0.3061952257701998
0.011,-1.0578171746556924e-9,0.00881252676289465,0.306195225770044
0.012,-1.856303669497591e-9,0.009610525201152685,0.3061952257698687
0.013000000000000001,-1.7159080179295012e-9,0.010408965178192613,0.3061952257699187
0.014,-4.127202564805472e-10,0.011207719705176564,0.3061952257702815
0.015,1.5847105429437045e-9,0.012006722506950935,0.3061952257708678
0.016,3.78308252930737e-9,0.012805906574914417,0.3061952257716078
0.017,5.921560244366143e-9,0.013605226069965658,0.30619522577246905
0.018000000000000002,7.96146330320696e-9,0.01440465825940236,0.3061952257733831
0.019,9.85195360450787e-9,0.015204180635438354,0.30619522577426883
0.02,1.1391039975635347e-8,0.016003771409512674,0.30619522577495517
0.021,1.2844638956398406e-8,0.016803419262041416,0.30619522577566055
0.022,1.4626090482189262e-8,0.017603115189389507,0.3061952257767177
0.023,1.7169500544438825e-8,0.018402849996286556,0.3061952257784401
0.024,2.0722997880099782e-8,0.01920261669448159,0.30619522578103386
0.025,2.5281896812115375e-8,0.02000241109164063,0.30619522578467545
0.026000000000000002,3.084768741241498e-8,0.020802229044000232,0.3061952257895742
0.027,3.766044625665423e-8,0.021602066318937622,0.3061952257965525
0.028,4.547519141776497e-8,0.022401920577420516,0.30619522580529057
0.029,5.383866434267333e-8,0.023201790029557856,0.3061952258149623
0.03,6.218325206584234e-8,0.024001673041617596,0.30619522582431435
0.031,7.0154347909815e-8,0.024801568242609318,0.3061952258325673
0.032,7.818039000683634e-8,0.02560147377989881,0.3061952258415242
0.033,8.672878998668225e-8,0.026401387755397937,0.3061952258531095
0.034,9.627475150480043e-8,0.027201308030599378,0.3061952258685999
0.035,1.0701328533568838e-7,0.02800123380738506,0.3061952258883626
0.036000000000000004,1.1904702339615133e-7,0.028801164813138488,0.306195225912742
0.037,1.3247859760299436e-7,0.02960110077524318,0.3061952259420823
0.038,1.47410639873023e-7,0.030401041421082672,0.3061952259767279
0.039,1.6394578212304237e-7,0.031200986478040472,0.3061952260170229
0.04,1.8218665626985777e-7,0.0320009356735001,0.3061952260633118
0.041,2.0223589423027445e-7,0.032800888734845074,0.3061952261159388
0.042,2.2419612792109768e-7,0.03360084538945891,0.3061952261752482
0.043000000000000003,2.4816998925913273e-7,0.03440080536472513,0.3061952262415843
0.044,2.7426011016118465e-7,0.03520076838802725,0.3061952263152914
0.045,3.025691225440591e-7,0.0360007341867488,0.3061952263967138
0.046,3.331996583245612e-7,0.03680070248827329,0.3061952264861958
0.047,3.662543902367536e-7,0.03760067301938063,0.30619522658408876
0.048,4.01863032988444e-7,0.03840064531943937,0.3061952266936049
0.049,4.401946602441542e-7,0.039200619109474324,0.306195226818185
0.05,4.814153716500998e-7,0.04000059432553672,0.30619522695927165
0.051000000000000004,5.256912668524964e-7,0.040800570903677794,0.3061952271183073
0.052000000000000005,5.731884454975594e-7,0.04160054877994876,0.3061952272967346
0.053,6.240730072315042e-7,0.04240052789040085,0.30619522749599604
0.054,6.78511051700547e-7,0.04320050817108529,0.3061952277175342
0.055,7.366686785509028e-7,0.044000489558053316,0.30619522796279164
0.056,7.987119874287872e-7,0.04480047198735615,0.3061952282332109
0.057,8.648070779804158e-7,0.04560045539504501,0.3061952285302345
0.058,9.351200498520041e-7,0.04640043971717113,0.30619522885530503
0.059000000000000004,1.0098170026897676e-6,0.047200424889785736,0.3061952292098651
0.06,1.0890640361399217e-6,0.04800041084894005,0.3061952295953571
0.061,1.1730272498486824e-6,0.04880039753068531,0.30619523001322374
0.062,1.2618942733530444e-6,0.04960038484244205,0.3061952304679056
0.063,1.3559027408508313e-6,0.05040037271191269,0.3061952309660153
0.064,1.4552899089148863e-6,0.0512003611182949,0.3061952315112975
0.065,1.560292994762508e-6,0.05200035004091202,0.3061952321074875
0.066,1.6711492156109959e-6,0.052800339459087346,0.3061952327583203
0.067,1.7880957886776482e-6,0.05360032935214422,0.30619523346753114
0.068,1.9113699311797644e-6,0.05440031969940595,0.3061952342388551
0.069,2.041208860334643e-6,0.05520031048019588,0.3061952350760274
0.07,2.1778497933595822e-6,0.05600030167383731,0.3061952359827832
0.07100000000000001,2.321529947471882e-6,0.05680029325965358,0.3061952369628576
0.07200000000000001,2.4724865398888412e-6,0.05760028521696799,0.30619523801998577
0.073,2.630956787827756e-6,0.05840027752510388,0.3061952391579029
0.074,2.79717790850593e-6,0.05920027016338457,0.3061952403803441
0.075,2.971387119140659e-6,0.060000263111133385,0.30619524169104456
0.076,3.1538334133082804e-6,0.06080025634203031,0.3061952430948542
0.077,3.34482080140616e-6,0.06160024983224763,0.3061952446001239
0.078,3.5446671304394616e-6,0.06240024357377123,0.30619524621518684
0.079,3.753690148024564e-6,0.06320023755887472,0.30619524794835284
0.08,3.972207601777845e-6,0.06400023177983168,0.30619524980793145
0.081,4.200537239315684e-6,0.06480022622891568,0.3061952518022323
0.082,4.438996808254458e-6,0.06560022089840034,0.3061952539395651
0.083,4.687904056210546e-6,0.06640021578055924,0.30619525622823945
0.084,4.947576730800327e-6,0.06720021086766595,0.306195258676565
0.085,5.218332579640177e-6,0.06800020615199406,0.3061952612928514
0.08600000000000001,5.500489350346477e-6,0.06880020162581717,0.30619526408540837
0.08700000000000001,5.794364790535603e-6,0.06960019728140886,0.30619526706254546
0.088,6.100276647823931e-6,0.07040019311104272,0.3061952702325723
0.089,6.418542669827847e-6,0.07120018910699233,0.30619527360379867
0.09,6.749480736036111e-6,0.07200018526009001,0.30619527718345513
0.091,7.093453548797879e-6,0.07280018156147562,0.30619528098022797
0.092,7.450867942995121e-6,0.07360017800867914,0.3061952850088085
0.093,7.822131894881007e-6,0.07440017459951523,0.3061952892841331
0.094,8.207653380708713e-6,0.07520017133179852,0.30619529382113797
0.095,8.607840376731414e-6,0.07600016820334365,0.3061952986347596
0.096,9.023100859202278e-6,0.07680016521196527,0.30619530373993414
0.097,9.453842804374482e-6,0.07760016235547801,0.3061953091515981
0.098,9.900474188501197e-6,0.07840015963169651,0.30619531488468765
0.099,0.0000103634029878356,0.07920015703843543,0.3061953209541392
0.1,0.000010843037178630862,0.0800001545735094,0.3061953273748891
0.101,0.000011339784737140155,0.08080015223473305,0.30619533416187356
0.10200000000000001,0.000011854053639616654,0.08160015001992103,0.30619534133002907
0.10300000000000001,0.000012386251862313531,0.08240014792688798,0.3061953488942918
0.10400000000000001,0.000012936787381483962,0.08320014595344855,0.30619535686959815
0.105,0.000013506068338332539,0.0840001440973249,0.3061953652706355
0.106,0.000014094533566530921,0.0848001423558298,0.30619537411100206
0.107,0.000014702684602303335,0.08560014072960914,0.3061953834133007
0.108,0.000015331030441827993,0.08640013922015538,0.306195393202418
0.109,0.00001598008008128311,0.08720013782896101,0.30619540350324054
0.11,0.000016650342516846894,0.08800013655751854,0.3061954143406547
0.111,0.00001734232674469756,0.08880013540732046,0.3061954257395472
0.112,0.00001805654176101331,0.08960013437985924,0.30619543772480445
0.113,0.00001879349656197237,0.0904001334766274,0.306195450321313
0.114,0.000019553700143752935,0.0912001326991174,0.3061954635539594
0.115,0.00002033766150253323,0.09200013204882178,0.3061954774476301
0.116,0.000021145889634491463,0.09280013152723299,0.30619549202721175
0.117,0.00002197889353580584,0.09360013113584353,0.3061955073175908
0.11800000000000001,0.000022837182202654577,0.0944001308761459,0.3061955233436538
0.11900000000000001,0.000023721264631215885,0.09520013074963261,0.3061955401302873
0.12,0.000024631649817667965,0.0960001307577961,0.30619555770237783
0.121,0.00002556885614337408,0.09680013090142607,0.3061955760833968
0.122,0.000026533470884338474,0.09760013118288219,0.3061955953039899
0.123,0.000027526111318214284,0.09840013160714241,0.30619561540297513
0.124,0.000028547394824979588,0.09920013217921332,0.30619563641924996
0.125,0.000029597938784612468,0.10000013290410151,0.3061956583917117
0.126,0.00003067836057709101,0.10080013378681353,0.30619568135925773
0.127,0.000031789277582393306,0.10160013483235597,0.3061957053607854
0.128,0.00003293130718049743,0.10240013604573542,0.3061957304351921
0.129,0.000034105066751381474,0.10320013743195842,0.30619575662137516
0.13,0.000035311173675023515,0.10400013899603157,0.30619578395823194
0.131,0.00003655024533140164,0.10480014074296146,0.3061958124846599
0.132,0.00003782289910049393,0.10560014267775462,0.30619584223955626
0.133,0.00003912975236227848,0.10640014480541768,0.30619587326181846
0.134,0.00004047142249673336,0.10720014713095717,0.3061959055903439
0.135,0.000041848526883836666,0.1080001496593797,0.3061959392640298
0.136,0.0000432616838962887,0.10880015239542008,0.3061959743211923
0.137,0.000044711558223278975,0.10960015534343977,0.3061960108026047
0.138,0.00004619887790483643,0.1104001585121508,0.30619604876409134
0.139,0.00004772437544122927,0.11120016191096381,0.306196088263479
0.14,0.00004928878333272573,0.11200016554928936,0.30619612935859447
0.14100000000000001,0.00005089283407959401,0.11280016943653808,0.30619617210726463
0.14200000000000002,0.000052537260182102305,0.11360017358212053,0.30619621656731627
0.14300000000000002,0.00005422279414051883,0.11440017799544734,0.30619626279657625
0.14400000000000002,0.000055950168455111816,0.11520018268592909,0.3061963108528714
0.145,0.0000577201156261494,0.11600018766297636,0.3061963607940286
0.146,0.000059533368153899904,0.11680019293599979,0.3061964126778747
0.147,0.00006139065853863148,0.11760019851440995,0.30619646656223637
0.148,0.00006329271928061237,0.11840020440761743,0.30619652250494056
0.149,0.00006524028288011074,0.11920021062503285,0.30619658056381416
0.15,0.00006723408183739483,0.12000021717606679,0.3061966407966839
0.151,0.00006927484865268521,0.1208002240701298,0.30619670326137655
0.152,0.00007136333358580412,0.12160023131579052,0.306196768015176
0.153,0.00007350036784304723,0.12240023892558938,0.306196835131893
0.154,0.00007568680527873862,0.12320024691484838,0.30619690469402666
0.155,0.00007792349974720245,0.12400025529888951,0.306196976784076
0.156,0.00008021130510276283,0.12480026409303481,0.3061970514845401
0.157,0.0000825510751997439,0.12560027331260626,0.30619712887791795
0.158,0.00008494366389246976,0.12640028297292585,0.30619720904670866
0.159,0.00008738992503526456,0.1272002930893156,0.3061972920734112
0.16,0.0000898907124824524,0.12800030367709753,0.30619737804052466
0.161,0.00009244688008835743,0.1288003147515936,0.30619746703054807
0.162,0.00009505928170730375,0.12960032632812582,0.3061975591259804
0.163,0.0000977287711936155,0.1304003384220162,0.30619765440932084
0.164,0.0001004562024016168,0.13120035104858674,0.3061977529630683
0.165,0.00010324242918563176,0.13200036422315947,0.3061978548697219
0.166,0.00010608830539998454,0.13280037796105634,0.30619796021178064
0.167,0.00010899468802300162,0.13360039227733372,0.30619806907130254
0.168,0.00011196249777046674,0.1344004071894741,0.3061981815417877
0.169,0.00011499271406242052,0.13520042272053262,0.30619829773597085
0.17,0.00011808631845750372,0.13600043889395452,0.30619841776777507
0.171,0.00012124429251435709,0.1368004557331852,0.30619854175112354
0.17200000000000001,0.0001244676177916214,0.13760047326166988,0.30619866979993926
0.17300000000000001,0.00012775727584793742,0.13840049150285388,0.30619880202814526
0.17400000000000002,0.0001311142482419459,0.13920051048018256,0.30619893854966473
0.17500000000000002,0.0001345395165322876,0.14000053021710115,0.30619907947842073
0.176,0.00013803406227760317,0.14080055073705497,0.30619922492833623
0.177,0.0001415988670365336,0.14160057206348936,0.30619937501333444
0.178,0.00014523491236771954,0.14240059421984963,0.30619952984733834
0.179,0.00014894317982980173,0.14320061722958102,0.30619968954427107
0.18,0.00015272465098142097,0.14400064111612887,0.3061998542180557
0.181,0.000156580307381218,0.1448006659029385,0.30620002398261525
0.182,0.00016051112924015944,0.1456006916132987,0.3062001989513563
0.183,0.0001645180523995895,0.1464007182642815,0.30620037921783816
0.184,0.00016860214819128282,0.1472007458854759,0.30620056491898345
0.185,0.00017276455347069912,0.14800077451348528,0.30620075621524834
0.186,0.00017700640509329797,0.148800804184913,0.3062009532670888
0.187,0.00018132883991453907,0.1496008349363625,0.30620115623496097
0.188,0.000185732994789882,0.15040086680443715,0.3062013652793209
0.189,0.00019022000657478646,0.15120089982574036,0.30620158056062463
0.19,0.00019479101212471203,0.15200093403687548,0.30620180223932836
0.191,0.00019944714829511843,0.1528009694744459,0.30620203047588807
0.192,0.0002041895519414652,0.15360100617505507,0.30620226543075985
0.193,0.0002090193599192121,0.1544010441753063,0.30620250726439974
0.194,0.00021393770908381866,0.15520108351180306,0.3062027561372639
0.195,0.0002189457362907446,0.1560011242211487,0.3062030122098084
0.196,0.00022404457839544955,0.1568011663399466,0.3062032756424892
0.197,0.00022923537225339312,0.15760120990480017,0.30620354659576254
0.198,0.00023451925472003495,0.1584012549523128,0.3062038252300844
0.199,0.0002398973626508347,0.15920130151908787,0.30620411170591083
0.2,0.000245370832901252,0.16000134964172877,0.30620440618369793
0.201,0.00025094080232674655,0.1608013993568389,0.30620470882390183
0.202,0.0002566084077827779,0.16160145070102164,0.30620501978697856
0.203,0.0002623748000233538,0.16240150370982595,0.30620533923216425
0.20400000000000001,0.0002682412454677968,0.1632015584297695,0.3062056673556988
0.20500000000000002,0.0002742090661658093,0.16400161491837284,0.30620600438529844
0.20600000000000002,0.0002802795844625265,0.1648016732332905,0.30620635054902723
0.20700000000000002,0.0002864541227030836,0.16560173343217707,0.30620670607494915
0.20800000000000002,0.00029273400323261595,0.16640179557268708,0.3062070711911283
0.209,0.0002991205483962586,0.16720185971247511,0.30620744612562856
0.21,0.00030561508053914704,0.16800192590919577,0.306207831106514
0.211,0.0003122189220064165,0.16880199422050357,0.30620822636184875
0.212,0.0003189333951432021,0.1696020647040531,0.3062086321196967
0.213,0.0003257598222946392,0.17040213741749888,0.30620904860812187
0.214,0.00033269952580586293,0.17120221241849554,0.3062094760551883
0.215,0.00033975382802200864,0.1720022897646976,0.30620991468896
0.216,0.00034692405128821155,0.17280236951375966,0.30621036473750113
0.217,0.0003542115179496069,0.17360245172333624,0.3062108264288755
0.218,0.00036161755035133,0.17440253645108195,0.3062112999911472
0.219,0.00036914347083851596,0.17520262375465132,0.3062117856523803
0.22,0.0003767906017563002,0.1760027136916989,0.30621228364063874
0.221,0.00038456026544981777,0.1768028063198793,0.3062127941839866
0.222,0.0003924537842642041,0.17760290169684706,0.30621331751048786
0.223,0.0004004724837492066,0.1784029998793703,0.3062138538467212
0.224,0.0004086177795082516,0.1792031009317535,0.306214403446176
0.225,0.0004168911846080635,0.1800032049392089,0.3062149666184464
0.226,0.000425294216813629,0.18080331198875038,0.30621554367751047
0.227,0.00043382839388993465,0.1816034221673919,0.30621613493734634
0.228,0.00044249523360196703,0.18240353556214728,0.306216740711932
0.229,0.0004512962537147127,0.18320365226003044,0.3062173613152457
0.23,0.00046023297199315825,0.1840037723480553,0.30621799706126546
0.231,0.0004693069062022902,0.18480389591323573,0.30621864826396933
0.232,0.00047851957410709515,0.18560402304258566,0.30621931523733553
0.233,0.00048787249347255967,0.18640415382311895,0.3062199982953421
0.234,0.0004973671820636704,0.18720428834184952,0.3062206977519671
0.23500000000000001,0.0005070051576454138,0.18800442668579126,0.3062214139211886
0.23600000000000002,0.0005167879379827764,0.18880456894195807,0.30622214711698487
0.23700000000000002,0.000526717040840745,0.18960471519736385,0.3062228976533339
0.23800000000000002,0.000536793983984306,0.19040486553902247,0.30622366584421373
0.23900000000000002,0.0005470202851784459,0.19120502005394788,0.3062244520036026
0.24,0.0005573974621881512,0.19200517882915388,0.3062252564454785
0.241,0.0005679270327784089,0.1928053419516545,0.3062260794838195
0.242,0.0005786105147142052,0.19360550950846353,0.3062269214326039
0.243,0.0005894494258335192,0.19440568158631483,0.3062277826052896
0.244,0.0006004453367813552,0.19520585827423428,0.30622866332777665
0.245,0.000611599950677062,0.19600603969143005,0.3062295640035122
0.246,0.0006229149905876013,0.19680622596472536,0.3062304850534431
0.247,0.000634392179579935,0.19760641722094355,0.3062314268985162
0.248,0.0006460332407210251,0.19840661358690795,0.30623238995967855
0.249,0.000657839897077833,0.19920681518944186,0.30623337465787703
0.25,0.0006698138717173208,0.20000702215536859,0.3062343814140585
0.251,0.0006819568877064504,0.20080723461151145,0.30623541064917
0.252,0.0006942706681121833,0.20160745268469374,0.30623646278415834
0.253,0.0007067569360014816,0.20240767650173874,0.3062375382399705
0.254,0.000719417414441307,0.20320790618946985,0.3062386374375534
0.255,0.0007322538264986213,0.20400814187471028,0.3062397607978539
0.256,0.0007452678952403862,0.20480838368428342,0.30624090874181903
0.257,0.0007584613437335638,0.2056086317450125,0.3062420816903957
0.258,0.0007718358950451157,0.2064088861837209,0.30624328006453067
0.259,0.0007853932722420039,0.2072091471272319,0.3062445042851711
0.26,0.00079913519839119,0.20800941470236883,0.30624575477326366
0.261,0.000813063396559636,0.20880968903595495,0.3062470319497555
0.262,0.0008271795898143035,0.20960997025481362,0.3062483362355934
0.263,0.0008414855012221545,0.21041025848576814,0.3062496680517243
0.264,0.000855982875923059,0.21121055385475868,0.30625102782168445
0.265,0.0008706735989266383,0.21201085651940793,0.3062524160496666
0.266,0.0008855596085479522,0.21281116665915156,0.30625383328738714
0.267,0.0009006428431767548,0.21361148445350495,0.3062552800867135
0.268,0.0009159252412027999,0.21441181008198346,0.30625675699951327
0.269,0.000931408741015841,0.2152121437241024,0.3062582645776539
0.27,0.0009470952810056325,0.2160124855593772,0.3062598033730029
0.271,0.0009629867995619278,0.21681283576732313,0.3062613739374278
0.272,0.000979085235074481,0.2176131945274556,0.3062629768227961
0.273,0.0009953925259330455,0.21841356201928994,0.30626461258097526
0.274,0.0010119106105273756,0.21921393842234152,0.3062662817638328
0.275,0.0010286414272472249,0.2200143239161257,0.30626798492323626
0.276,0.001045586914482347,0.22081471868015778,0.30626972261105306
0.277,0.0010627490106224961,0.22161512289395316,0.30627149537915077
0.278,0.0010801296540574258,0.2224155367370272,0.30627330377939693
0.279,0.0010977307831768902,0.22321596038889524,0.30627514836365893
0.28,0.0011155543363706426,0.2240163940290726,0.3062770296838044
0.281,0.0011336022520284374,0.2248168378370747,0.3062789482917007
0.28200000000000003,0.001151876468540028,0.22561729199241687,0.30628090473921543
0.28300000000000003,0.0011703789242951685,0.22641775667461445,0.3062828995782161
0.28400000000000003,0.001189111563172879,0.2272182320616118,0.3062849333591994
0.28500000000000003,0.0012080764429570272,0.22801871835570311,0.30628700669602604
0.28600000000000003,0.0012272757252615445,0.22881921580225056,0.3062891202939634
0.28700000000000003,0.0012467115752966618,0.22961972464911826,0.30629127486307345
0.28800000000000003,0.0012663861582726098,0.2304202451441704,0.3062934711134183
0.289,0.0012863016393996178,0.23122077753527107,0.30629570975506004
0.29,0.001306460183887919,0.23202132207028453,0.30629799149806075
0.291,0.001326863956947743,0.23282187899707488,0.3063003170524825
0.292,0.0013475151237893202,0.2336224485635063,0.30630268712838743
0.293,0.0013684158496228816,0.23442303101744297,0.3063051024358375
0.294,0.0013895682996586578,0.23522362660674903,0.3063075636848948
0.295,0.0014109746391068794,0.23602423557928862,0.30631007158562157
0.296,0.001432637033177777,0.23682485818292592,0.3063126268480797
0.297,0.0014545576470815817,0.2376254946655251,0.3063152301823313
0.298,0.0014767386460285239,0.23842614527495032,0.3063178822984386
0.299,0.0014991821952288343,0.23922681025906573,0.3063205839064635
0.3,0.0015218904598927436,0.24002748986573547,0.30632333571646814
0.301,0.0015448656052304826,0.24082818434282374,0.3063261384385146
0.302,0.0015681097964522818,0.24162889393819467,0.30632899278266496
0.303,0.0015916251987683721,0.24242961889971246,0.3063318994589813
0.304,0.0016154139774898105,0.24323035947443297,0.30633485917636194
0.305,0.0016394783660941764,0.2440311159210926,0.30633787267812873
0.306,0.0016638207496438506,0.24483188856260588,0.30634094084036495
0.307,0.0016884435325711627,0.24563267773388114,0.3063440645616994
0.308,0.0017133491193084432,0.24643348376982682,0.3063472447407609
0.309,0.0017385399142880221,0.24723430700535123,0.30635048227617834
0.31,0.0017640183219422296,0.24803514777536279,0.3063537780665805
0.311,0.001789786746703396,0.2488360064147698,0.30635713301059614
0.312,0.0018158475930038513,0.24963688325848069,0.3063605480068542
0.313,0.0018422032652759257,0.25043777864140376,0.3063640239539834
0.314,0.0018688561679519496,0.25123869289844747,0.30636756175061264
0.315,0.001895808705464253,0.2520396263645201,0.3063711622953707
0.316,0.0019230632822451659,0.2528405793745301,0.3063748264868864
0.317,0.0019506223027270185,0.25364155226338575,0.30637855522378854
0.318,0.0019784881713421415,0.25444254536599553,0.30638234940470604
0.319,0.002006663292522864,0.2552435590172677,0.30638620992826765
0.32,0.0020351500707015175,0.2560445935521107,0.30639013769310214
0.321,0.0020639509103104314,0.2568456493054328,0.30639413359783846
0.322,0.0020930682157819357,0.2576467266121425,0.30639819854110534
0.323,0.002122504391548361,0.2584478258071481,0.3064023334215316
0.324,0.002152261842042037,0.2592489472253579,0.3064065391377462
0.325,0.002182342917020449,0.26005009116388444,0.3064108165211611
0.326,0.0022127501446509933,0.26085125799642134,0.3064151665597322
0.327,0.002243486206955837,0.2616524481784859,0.30641959039761113
0.328,0.002274553785984658,0.2624536621656113,0.306424089178979
0.329,0.002305955563787134,0.2632549004133308,0.30642866404801694
0.33,0.002337694222412943,0.2640561633771776,0.3064333161489061
0.331,0.0023697724439117633,0.2648574515126849,0.3064380466258276
0.332,0.0024021929103332723,0.26565876527538596,0.3064428566229625
0.333,0.0024349583037271486,0.2664601051208139,0.3064477472844921
0.334,0.0024680713061430697,0.267261471504502,0.30645271975459737
0.335,0.0025015345996307133,0.2680628648819835,0.3064577751774596
0.336,0.0025353508662397575,0.2688642857087915,0.3064629146972598
0.337,0.0025695227880198806,0.26966573444045927,0.30646813945817913
0.338,0.0026040530470207604,0.27046721153252007,0.3064734506043988
0.339,0.0026389443252920744,0.271268717440507,0.30647884928009983
0.34,0.002674199304883501,0.2720702526199534,0.30648433662946345
0.341,0.0027098206678447183,0.2728718175263923,0.3064899137966708
0.342,0.0027458110962254034,0.27367341261535705,0.3064955819259029
0.343,0.002782173272075235,0.27447503834238085,0.30650134216134106
0.34400000000000003,0.0028189098774438906,0.27527669516299685,0.3065071956471663
0.34500000000000003,0.0028560235943810484,0.27607838353273834,0.3065131435275597
0.34600000000000003,0.002893517104936386,0.2768801039071384,0.3065191869467025
0.34700000000000003,0.0029313930911595816,0.2776818567417304,0.30652532704877583
0.34800000000000003,0.0029696542351003133,0.27848364249204743,0.3065315649779608
0.34900000000000003,0.0030083032419794204,0.2792854616082312,0.3065379018796248
0.35000000000000003,0.003047343027385058,0.28008731464327646,0.30654433909936796
0.35100000000000003,0.0030867765989454786,0.28088920221865277,0.3065508780996941
0.352,0.003126606964387774,0.28169112495594834,0.3065575203432893
0.353,0.0031668371314390424,0.2824930834767515,0.3065642672928395
0.354,0.003207470107826374,0.2832950784026505,0.30657112041103063
0.355,0.0032485089012768637,0.2840971103552337,0.3065780811605488
0.356,0.0032899565195176035,0.2848991799560893,0.30658515100407985
0.357,0.003331815970275687,0.2857012878268056,0.3065923314043098
0.358,0.003374090261278209,0.2865034345889709,0.3065996238239247
0.359,0.003416782400252261,0.28730562086417344,0.30660702972561044
0.36,0.003459895394924938,0.28810784727400157,0.306614550572053
0.361,0.0035034322530233327,0.2889101144400435,0.3066221878259384
0.362,0.0035473959822745387,0.28971242298388755,0.30662994294995266
0.363,0.0035917895904056495,0.290514773527122,0.3066378174067817
0.364,0.0036366160851437584,0.29131716669133517,0.30664581265911145
0.365,0.003681878474215959,0.29211960309811524,0.306653930169628
0.366,0.0037275797653493446,0.29292208336905057,0.30666217140101726
0.367,0.0037737229662710083,0.2937246081257295,0.30667053781596526
0.368,0.0038203110847080442,0.29452717798974015,0.3066790308771579
0.369,0.0038673471283875455,0.29532979358267086,0.3066876520472812
0.37,0.003914834105036606,0.29613245552611,0.30669640278902116
0.371,0.003962775022382318,0.2969351644416458,0.30670528456506374
0.372,0.004011172888151776,0.29773792095086654,0.3067142988380949
0.373,0.004060030725883812,0.2985407256700089,0.30672344707095045
0.374,0.004109351781554896,0.29934357933870925,0.3067327309554026
0.375,0.004159139420713957,0.30014648278788614,0.3067421523347717
0.376,0.00420939700932919,0.30094943684889325,0.30675171305304094
0.377,0.004260127913368789,0.30175244235308407,0.30676141495419323
0.378,0.004311335498800948,0.30255550013181237,0.30677125988221177
0.379,0.0043630231315938605,0.30335861101643175,0.3067812496810796
0.38,0.004415194177715721,0.30416177583829573,0.30679138619477975
0.381,0.004467852003134725,0.30496499542875805,0.30680167126729524
0.382,0.004520999973819064,0.3057682706191723,0.3068121067426093
0.383,0.004574641455736934,0.3065716022408921,0.30682269446470484
0.384,0.004628779814856528,0.307374991125271,0.306833436277565
0.385,0.004683418417146041,0.3081784381036628,0.3068443340251728
0.386,0.004738560628573666,0.30898194400742096,0.3068553895515114
0.387,0.0047942098151075975,0.3097855096678992,0.3068666047005638
0.388,0.00485036934271603,0.31058913591645115,0.30687798131631305
0.389,0.004907042577367157,0.3113928235844304,0.30688952124274227
0.39,0.004964232885029173,0.3121965735031906,0.3069012263238345
0.391,0.005021943631670273,0.3130003865040853,0.30691309840357284
0.392,0.005080178183258648,0.3138042634184682,0.3069251393259403
0.393,0.005138939905762495,0.31460820507769294,0.30693735093492
0.394,0.005198232165150007,0.3154122123131131,0.3069497350744949
0.395,0.005258058327389377,0.3162162859560823,0.30696229358864824
0.396,0.005318421758448802,0.31702042683795423,0.30697502832136303
0.397,0.00537932583383592,0.3178246357848742,0.30698794111530797
0.398,0.005440774165767019,0.31862891376900737,0.30700103407249535
0.399,0.005502770520128824,0.31943326188174553,0.30701430948921526
0.4,0.005565318663942375,0.3202376812155484,0.30702776966339135
0.401,0.005628422364228706,0.32104217286287584,0.30704141689294706
0.402,0.0056920853880088555,0.32184673791618756,0.3070552534758061
0.403,0.00575631150230386,0.32265137746794337,0.307069281709892
0.404,0.0058211044741347555,0.3234560926106031,0.3070835038931283
0.405,0.005886468070522579,0.3242608844366265,0.3070979223234386
0.406,0.005952406058488368,0.3250657540384734,0.3071125392987465
0.40700000000000003,0.00601892220505316,0.32587070250860345,0.3071273571169756
0.40800000000000003,0.006086020277237989,0.32667573093947655,0.3071423780760494
0.40900000000000003,0.006153704042063894,0.3274808404235525,0.3071576044738915
0.41000000000000003,0.006221977266551912,0.3282860320532911,0.30717303860842554
0.41100000000000003,0.006290843717723079,0.329091306921152,0.307188682777575
0.41200000000000003,0.006360307162598432,0.3298966661195951,0.30720453927926356
0.41300000000000003,0.006430371368199008,0.3307021107410802,0.30722061041141474
0.41400000000000003,0.0065010401015458425,0.331507641878067,0.3072368984719521
0.41500000000000004,0.006572317129659974,0.3323132606230154,0.3072534057587993
0.41600000000000004,0.006644206219562438,0.3331189680683851,0.30727013456987984
0.417,0.006716711138274269,0.33392476530663584,0.3072870872031173
0.418,0.00678983565281651,0.3347306534302275,0.3073042659564353
0.419,0.0068635835302101956,0.3355366335316199,0.3073216731277574
0.42,0.0069379585374763604,0.3363427067032727,0.30733931101500717
0.421,0.007012964442709312,0.3371488740324903,0.30735718191191685
0.422,0.0070886052669746034,0.33795513677714795,0.3073752884033464
0.423,0.007164885235079752,0.33876149634853975,0.307393633323435
0.424,0.007241808574492007,0.3395679541601312,0.30741221950973174
0.425,0.0073193795126786166,0.34037451162538784,0.30743104979978575
0.426,0.0073976022771068285,0.3411811701577752,0.30745012703114605
0.427,0.007476481095243891,0.3419879311707589,0.30746945404136183
0.428,0.007556020194557052,0.3427947960778042,0.30748903366798214
0.429,0.00763622380251356,0.34360176629237693,0.30750886874855604
0.43,0.007717096146580663,0.3444088432279424,0.3075289621206327
0.431,0.0077986414542256105,0.3452160282979662,0.3075493166217611
0.432,0.007880863952915648,0.34602332291591387,0.30756993508949043
0.433,0.007963767870118026,0.346830728495251,0.30759082036136975
0.434,0.008047357433299993,0.34763824644944297,0.3076119752749482
0.435,0.008131636869928793,0.3484458781919554,0.30763340266777484
0.436,0.00821661040747168,0.34925362513625374,0.3076551053773987
0.437,0.008302282273395899,0.3500614886958036,0.30767708624136897
0.438,0.008388656695168698,0.3508694702840705,0.3076993480972347
0.439,0.008475737900257326,0.3516775713145199,0.307721893782545
0.44,0.008563530116129031,0.35248579320061735,0.30774472613484893
0.441,0.008652037570251061,0.35329413735582843,0.3077678479916956
0.442,0.008741264490090665,0.3541026051936186,0.30779126219063413
0.443,0.00883121510311509,0.35491119812745336,0.30781497156921356
0.444,0.008921893636791583,0.3557199175707983,0.3078389789649831
0.445,0.009013304309894006,0.3565287649319211,0.30786328720693307
0.446,0.009105451611019486,0.3573377418157695,0.3078878994473429
0.447,0.009198340301016726,0.3581468500219066,0.30791281915843755
0.448,0.009291975146318661,0.358956091353838,0.3079380498189236
0.449,0.009386360913358219,0.3597654676150692,0.3079635949075078
0.45,0.009481502368568328,0.3605749806091058,0.3079894579028969
0.451,0.009577404278381921,0.3613846321394534,0.3080156422837976
0.452,0.009674071409231927,0.3621944240096175,0.3080421515289166
0.453,0.009771508527551277,0.3630043580231036,0.30806898911696073
0.454,0.0098697203997729,0.36381443598341734,0.3080961585266366
0.455,0.009968711792329726,0.36462465969406427,0.3081236632366509
0.456,0.010068487471654687,0.36543503095854996,0.30815150672571046
0.457,0.01016905220418071,0.36624555158037986,0.30817969247252197
0.458,0.010270410756340727,0.36705622336305965,0.3082082239557921
0.459,0.01037256789456767,0.36786704811009485,0.30823710465422766
0.46,0.010475528385294464,0.36867802762499097,0.30826633804653525
0.461,0.010579296994954043,0.3694891637112536,0.30829592761142166
0.462,0.010683878489979336,0.37030045817238827,0.30832587682759366
0.463,0.010789277636803273,0.3711119128119006,0.3083561891737579
0.464,0.010895499201858786,0.3719235294332961,0.3083868681286211
0.465,0.011002547951578802,0.3727353098400803,0.30841791717089
0.466,0.011110428652396254,0.3735472558357588,0.30844933977927136
0.467,0.01121914607074407,0.37435936922383717,0.3084811394324718
0.468,0.011328704973055178,0.3751716518078209,0.30851331960919814
0.46900000000000003,0.01143911010739878,0.3759841053860595,0.3085458837744142
0.47000000000000003,0.011550366512729577,0.37679673198127894,0.3085788357497902
0.47100000000000003,0.011662479591810956,0.37760953385949075,0.30861217976675026
0.47200000000000003,0.011775454758125374,0.3784225132933148,0.30864592006824604
0.47300000000000003,0.011889297425155291,0.3792356725553708,0.30868006089722927
0.47400000000000003,0.012004013006383166,0.3800490139182787,0.3087146064966516
0.47500000000000003,0.012119606915291455,0.38086253965465844,0.3087495611094648
0.47600000000000003,0.012236084565362617,0.3816762520371298,0.3087849289786205
0.47700000000000004,0.012353451370079113,0.3824901533383126,0.3088207143470704
0.47800000000000004,0.012471712742923398,0.38330424583082673,0.3088569214577663
0.47900000000000004,0.012590874097377934,0.38411853178729205,0.30889355455365974
0.48,0.01271094084692517,0.38493301348032843,0.3089306178777026
0.481,0.01283191840504758,0.38574769318255575,0.30896811567284643
0.482,0.012953812185227613,0.38656257316659387,0.309006052182043
0.483,0.013076627600947731,0.38737765570506255,0.309044431648244
0.484,0.01320037006569039,0.3881929430705818,0.3090832583144012
0.485,0.013325044992938049,0.38900843753577136,0.30912253642346615
0.486,0.013450657796173167,0.38982414137325117,0.30916227021839066
0.487,0.013577213888878201,0.390640056855641,0.3092024639421264
0.488,0.013704718684535612,0.3914561862555608,0.3092431218376251
0.489,0.013833177596627857,0.3922725318456304,0.3092842481478384
0.49,0.013962596038637394,0.3930890958984696,0.30932584711571803
0.491,0.014092979424046683,0.3939058806866983,0.30936792298421567
0.492,0.014224333166338182,0.3947228884829364,0.30941047999628307
0.493,0.014356662648494528,0.3955401215546631,0.30945352237395307
0.494,0.014489973565422535,0.39635758242259317,0.30949705472856476
0.495,0.014624272105382719,0.3971752739078868,0.3095410821997351
0.496,0.014759564476520113,0.39799319884217677,0.30958560994694234
0.497,0.014895856886979753,0.39881136005709555,0.3096306431296648
0.498,0.015033155544906671,0.3996297603842759,0.30967618690738086
0.499,0.015171466658445903,0.4004484026553504,0.3097222464395688
0.5,0.015310796435742482,0.40126728970195175,0.3097688268857069
0.501,0.015451151084941443,0.40208642435571246,0.3098159334052735
0.502,0.015592536814187818,0.4029058094482653,0.30986357115774693
0.503,0.015734959831626646,0.4037254478112428,0.3099117453026055
0.504,0.015878426345402957,0.4045453422762777,0.30996046099932756
0.505,0.016022942563661786,0.4053654956750025,0.3100097234073913
0.506,0.016168514694548164,0.40618591083905,0.3100595376862752
0.507,0.01631514894620713,0.40700659060005273,0.31010990899545743
0.508,0.01646285152678372,0.4078275377896433,0.3101608424944164
0.509,0.016611628644422963,0.40864875523945443,0.31021234334263037
0.51,0.016761486507269895,0.4094702457811187,0.31026441669957766
0.511,0.01691243132346955,0.41029201224626877,0.3103170677247366
0.512,0.017064469301166958,0.4111140574665373,0.31037030157758555
0.513,0.01721760664850716,0.41193638427355683,0.3104241234176027
0.514,0.01737184957363519,0.41275899549896006,0.31047853840426654
0.515,0.017527204284696077,0.41358189397437967,0.3105335516970552
0.516,0.01768367698983486,0.4144050825314482,0.31058916845544715
0.517,0.017841274043355646,0.4152285641144037,0.3106453940145368
0.518,0.01800000256035647,0.4160523422147988,0.31070223459141444
0.519,0.018159869637074125,0.41687642026374205,0.3107596963425114
0.52,0.018320882342088157,0.41770080166916324,0.31081778538947963
0.521,0.018483047743978125,0.4185254898389922,0.310876507853971
0.522,0.018646372911323577,0.4193504881811588,0.31093586985763744
0.523,0.018810864912704072,0.4201758001035929,0.3109958775221309
0.524,0.018976530816699155,0.4210014290142244,0.31105653696910324
0.525,0.019143377691888386,0.4218273783209831,0.31111785432020644
0.526,0.019311412606851312,0.4226536514317989,0.31117983569709234
0.527,0.01948064263016749,0.4234802517546016,0.31124248722141296
0.528,0.019651074830416473,0.4243071826973211,0.3113058150148201
0.529,0.01982271627617781,0.4251344476678872,0.3113698251989657
0.53,0.01999557403603106,0.4259620500742298,0.3114345238955018
0.531,0.020169655178555766,0.4267899933242788,0.31149991722608017
0.532,0.02034496677233149,0.4276182808259639,0.3115660113123528
0.533,0.020521515885937782,0.4284469159872152,0.31163281227597156
0.534,0.02069930958795419,0.4292759022159623,0.3117003262385884
0.535,0.02087835494288748,0.43010524291912355,0.3117685593186851
0.536,0.02105865914567808,0.43093494162281143,0.31183751780547936
0.537,0.021240230042105533,0.43176500223805003,0.3119072086727988
0.538,0.021423075613496052,0.4325954287434906,0.31197763902705467
0.539,0.021607203841175864,0.43342622511778445,0.31204881597465794
0.54,0.02179262270647119,0.4342573953395828,0.3121207466220199
0.541,0.021979340190708255,0.43508894338753684,0.31219343807555155
0.542,0.022167364275213274,0.43592087324029793,0.3122668974416642
0.543,0.02235670294131247,0.43675318887651726,0.31234113182676887
0.544,0.02254736417033207,0.43758589427484607,0.31241614833727677
0.545,0.022739355943598296,0.43841899341393564,0.31249195407959895
0.546,0.022932686242437363,0.43925249027243723,0.31256855616014667
0.547,0.023127363048175496,0.44008638882900203,0.31264596168533104
0.548,0.02332339434213892,0.4409206930622814,0.31272417776156314
0.549,0.02352078810565385,0.44175540695092647,0.3128032114952542
0.55,0.023719552320046515,0.4425905344735886,0.31288306999281534
0.551,0.02391969496664313,0.443426079608919,0.31296376036065765
0.552,0.02412122402676992,0.44426204633556887,0.31304528970519235
0.553,0.02432414748175311,0.4450984386321895,0.3131276651328306
0.554,0.024528473318504086,0.4459352605069831,0.31321089377537337
0.555,0.024734210141071012,0.4467725163497746,0.3132949834253884
0.556,0.02494136703271556,0.44761021077859847,0.3133799423378679
0.557,0.02514995308236242,0.4484483484135141,0.31346577877276877
0.558,0.0253599773789363,0.4492869338745808,0.31355250099004783
0.559,0.025571449011361887,0.45012597178185787,0.31364011724966206
0.56,0.025784377068563884,0.4509654667554046,0.31372863581156846
0.561,0.025998770639466984,0.4518054234152804,0.3138180649357238
0.562,0.026214638812995884,0.4526458463815445,0.313908412882085
0.5630000000000001,0.026431990678075282,0.45348674027425623,0.31399968791060906
0.5640000000000001,0.026650835323629878,0.4543281097134749,0.3140918982812529
0.5650000000000001,0.026871181838584363,0.45516995931925985,0.3141850522539733
0.5660000000000001,0.027093039311863437,0.4560122937116704,0.3142791580887273
0.5670000000000001,0.027316416832391797,0.45685511751076585,0.3143742240454718
0.5680000000000001,0.02754132348909414,0.45769843533660554,0.31447025838416365
0.5690000000000001,0.02776776837089516,0.45854225180924874,0.3145672693647598
0.5700000000000001,0.027995760566719558,0.4593865715487548,0.31466526524721716
0.5710000000000001,0.02822530916549203,0.46023139917518296,0.3147642542914927
0.5720000000000001,0.028456423241050945,0.46107673930909115,0.3148642447482411
0.5730000000000001,0.028689112199309433,0.46192259681285747,0.31496524524732183
0.5740000000000001,0.028923386374142872,0.4627689769830486,0.3150672653115574
0.5750000000000001,0.029159256208621136,0.46361588515663776,0.3151703145614726
0.5760000000000001,0.029396732145814106,0.4644633266705982,0.3152744026175926
0.577,0.029635824628791625,0.465311306861903,0.3153795391004422
0.578,0.029876544100623625,0.46615983106752557,0.31548573363054644
0.579,0.030118901004379955,0.46700890462443906,0.31559299582843026
0.58,0.030362905783130487,0.4678585328696166,0.3157013353146186
0.581,0.030608568879945102,0.4687087211400315,0.3158107617096364
0.582,0.030855900737893672,0.4695594747726569,0.3159212846340087
0.583,0.031104911800046074,0.4704107991044661,0.31603291370826037
0.584,0.031355612509472185,0.47126269947243216,0.3161456585529164
0.585,0.03160801330924187,0.4721151812135284,0.3162595287885017
0.586,0.03186212464242502,0.47296824966472806,0.31637453403554133
0.587,0.032117956952091506,0.4738219101630043,0.3164906839145602
0.588,0.03237552068131119,0.4746761680453303,0.3166079880460832
0.589,0.03263482627315397,0.47553102864867935,0.3167264560506354
0.59,0.032895884170689144,0.47638649731002447,0.3168460975487412
0.591,0.0331587048622011,0.47724257945176174,0.3169669222462109
0.592,0.03342329995060814,0.47809928102789323,0.317088940928578
0.593,0.033689681548767246,0.4789566081723597,0.3172121648342394
0.594,0.0339578617695354,0.47981456701910175,0.31733660520159224
0.595,0.03422785272576958,0.4806731637020601,0.31746227326903365
0.596,0.03449966653032676,0.4815324043551754,0.3175891802749606
0.597,0.03477331529606393,0.4823922951123883,0.31771733745777014
0.598,0.035048811135838055,0.4832528421076395,0.31784675605585944
0.599,0.03532616616250612,0.48411405147486974,0.3179774473076255
0.6,0.03560539248892511,0.4849759293480196,0.3181094224514654
0.601,0.03588650222795199,0.4858384818610298,0.3182426927257762
0.602,0.03616950749244374,0.486701715147841,0.31837726936895505
0.603,0.036454420395257356,0.48756563534239383,0.3185131636193989
0.604,0.0367412530492498,0.48843024857862904,0.31865038671550483
0.605,0.037030017567278056,0.4892955609904872,0.31878894989566997
0.606,0.0373207260621991,0.49016157871190913,0.3189288643982914
0.607,0.037613390646869915,0.49102830787683543,0.3190701414617661
0.608,0.037908023434147474,0.4918957546192067,0.3192127923244912
0.609,0.03820463650256994,0.4927639250863304,0.3193568282101411
0.61,0.038503242694695364,0.4936328258404325,0.31950226111349805
0.611,0.0388038561211093,0.49450246387742325,0.3196491041504942
0.612,0.03910649096619799,0.4953728462112841,0.3197973704978527
0.613,0.03941116141434765,0.4962439798559965,0.31994707333229677
0.614,0.039717881649944504,0.4971158718255419,0.32009822583054964
0.615,0.040026665857374785,0.4979885291339018,0.32025084116933444
0.616,0.04033752822102472,0.49886195879505774,0.32040493252537444
0.617,0.04065048292528053,0.4997361678229911,0.32056051307539274
0.618,0.04096554415452844,0.5006111632316833,0.32071759599611255
0.619,0.04128272609315469,0.5014869520351161,0.3208761944642571
0.62,0.0416020429255455,0.5023635412472706,0.3210363216565495
0.621,0.04192350883608709,0.5032409378821284,0.321197990749713
0.622,0.04224713800916569,0.5041191489536712,0.3213612149204708
0.623,0.04257294462916754,0.5049981814758803,0.3215260073455461
0.624,0.04290094288047885,0.505878042462737,0.32169238120166205
0.625,0.04323114694748585,0.5067587389282231,0.32186034966554183
0.626,0.043563571014574774,0.5076402778863198,0.3220299259139086
0.627,0.043898229255824914,0.508522666350404,0.3222011231160914
0.628,0.044235136055775656,0.5094059115354961,0.32237395470537433
0.629,0.04457430769006098,0.5102900213002453,0.3225484357896181
0.63,0.04491576092988955,0.5111750036229202,0.3227245818862464
0.631,0.045259512546470024,0.5120608664817896,0.32290240851268304
0.632,0.04560557931101106,0.5129476178551218,0.3230819311863516
0.633,0.0459539779947213,0.5138352657211854,0.3232631654246759
0.634,0.04630472536880941,0.5147238180582491,0.32344612674507967
0.635,0.046657838204484055,0.5156132828445815,0.3236308306649866
0.636,0.047013333272953886,0.516503668058451,0.3238172927018204
0.637,0.047371227345427556,0.5173949816781265,0.32400552837300484
0.638,0.047731537193113724,0.5182872316818763,0.3241955531959636
0.639,0.04809427958722105,0.519180426047969,0.3243873826881204
0.64,0.048459471298958195,0.5200745727546734,0.324581032366899
0.641,0.04882712909953381,0.5209696797802579,0.32477651774972305
0.642,0.049197269760156544,0.521865755102991,0.3249738543540164
0.643,0.04956991005203507,0.5227628067011416,0.32517305769720267
0.644,0.04994506674637803,0.5236608425529781,0.32537414329670555
0.645,0.0503227566143941,0.524559870636769,0.3255771266699489
0.646,0.050702996375371054,0.5254598989849785,0.3257820233306202
0.647,0.05108580438684031,0.5263609362467738,0.3259888502805314
0.648,0.05147120064065896,0.5272629914428764,0.3261976258625568
0.649,0.05185920516118822,0.5281660735983312,0.326408368444437
0.65,0.05224983797278932,0.5290701917381837,0.3266210963939124
0.651,0.052643119099823464,0.529975354887479,0.3268358280787235
0.652,0.05303906856665187,0.5308815720712624,0.3270525818666109
0.653,0.05343770639763576,0.5317888523145791,0.32727137612531493
0.654,0.05383905261713635,0.5326972046424742,0.3274922292225762
0.655,0.05424312724951484,0.5336066380799931,0.32771515952613506
0.656,0.054649950319132466,0.5345171616521809,0.32794018540373215
0.657,0.05505954185035043,0.5354287843840829,0.3281673252231079
0.658,0.05547192186752996,0.5363415153007445,0.3283965973520027
0.659,0.05588711039503226,0.5372553634272106,0.3286280201581572
0.66,0.05630512745721856,0.5381703377885266,0.3288616120093118
0.661,0.05672599307845007,0.5390864474097377,0.329097391273207
0.662,0.057149727283087995,0.5400037013158892,0.32933537631758325
0.663,0.05757635009549357,0.5409221085320262,0.32957558551018107
0.664,0.05800588167778606,0.5418416781338024,0.3298180373433613
0.665,0.05843834468766295,0.5427624200138541,0.330062752509378
0.666,0.05887376290075551,0.5436843442747809,0.3303097525958011
0.667,0.05931215991008396,0.5446074609303022,0.33055905901241034
0.668,0.05975355930866852,0.5455317799941376,0.3308106931689854
0.669,0.060197984689529395,0.5464573114800066,0.33106467647530624
0.67,0.06064545964568681,0.547384065401629,0.33132103034115234
0.671,0.06109600777016098,0.5483120517727239,0.33157977617630363
0.672,0.061549652655972106,0.5492412806070113,0.3318409353905397
0.673,0.06200641789614041,0.5501717619182104,0.33210452939364044
0.674,0.06246632708368612,0.551103505720041,0.33237057959538546
0.675,0.06292940381162944,0.5520365220262224,0.3326391074055546
0.676,0.0633956716729906,0.5529708208504743,0.3329101342339275
0.677,0.06386515426078979,0.5539064122065164,0.33318368149028404
0.678,0.0643378751583638,0.5548433061088591,0.33345977057808124
0.679,0.06481385860486334,0.555781512815387,0.33373842349498817
0.68,0.06529313146502938,0.5567210431583022,0.334019664393993
0.681,0.06577572112736184,0.5576619080519669,0.33430351783991585
0.682,0.06626165498036063,0.5586041184107438,0.3345900083975766
0.683,0.06675096041252569,0.559547685148995,0.33487916063179524
0.684,0.06724366481235694,0.560492619181083,0.3351709991073918
0.685,0.06773979556835429,0.5614389314213701,0.33546554838918613
0.686,0.06823938006901765,0.5623866327842187,0.33576283304199833
0.687,0.06874244570284699,0.5633357341839913,0.33606287763064835
0.6880000000000001,0.06924901985834218,0.5642862465350502,0.33636570671995614
0.6890000000000001,0.06975912992400317,0.5652381807517577,0.3366713448747417
0.6900000000000001,0.07027280328832988,0.5661915477484762,0.33697981665982496
0.6910000000000001,0.07079006733982222,0.5671463584395682,0.33729114664002596
0.6920000000000001,0.07131094946545774,0.5681026237393987,0.33760535937910596
0.6930000000000001,0.07183547748949735,0.5690603547380421,0.337922479846427
0.6940000000000001,0.07236368237778482,0.5700195631433447,0.33824253555458983
0.6950000000000001,0.07289559610240076,0.5709802607984242,0.3385655547947812
0.6960000000000001,0.07343125063542581,0.571942459546398,0.3388915658581878
0.6970000000000001,0.0739706779489406,0.5729061712303835,0.33922059703599644
0.6980000000000001,0.07451391001502576,0.5738714076934982,0.3395526766193939
0.6990000000000001,0.0750609788057619,0.5748381807788597,0.3398878328995669
0.7000000000000001,0.07561191629322968,0.5758065023295854,0.3402260941677023
0.7010000000000001,0.07616675444950971,0.5767763841887927,0.3405674887149867
0.7020000000000001,0.07672552524668261,0.5777478381995993,0.340912044832607
0.7030000000000001,0.07728826065682902,0.5787208762051225,0.3412597908117499
0.704,0.07785499265202951,0.5796955100484796,0.3416107549436021
0.705,0.07842575320436483,0.5806717515727885,0.34196496551935046
0.706,0.07900057428591555,0.5816496126211664,0.34232245083018176
0.707,0.07957948812888106,0.5826291051553384,0.34268323941890266
0.708,0.08016253045606783,0.5836102417582172,0.3430473626219006
0.709,0.08074973879110668,0.5845930352153813,0.3434148531460155
0.71,0.08134115066226548,0.5855774983125211,0.34378574370136966
0.711,0.08193680359781211,0.5865636438353272,0.34416006699808566
0.712,0.08253673512601443,0.5875514845694899,0.3445378557462858
0.713,0.08314098277514034,0.5885410333006997,0.3449191426560927
0.714,0.08374958407345771,0.5895323028146473,0.3453039604376288
0.715,0.0843625765492344,0.5905253058970229,0.34569234180101643
0.716,0.08497999773073829,0.5915200553335171,0.34608431945637813
0.717,0.08560188514623726,0.5925165639098203,0.3464799261138364
0.718,0.0862282763239992,0.5935148444116232,0.3468791944835136
0.719,0.08685920879229196,0.5945149096246158,0.34728215727553224
0.72,0.08749472007938343,0.5955167723344892,0.3476888472000148
0.721,0.08813484782692116,0.5965204454016994,0.348099297093261
0.722,0.0887796333325818,0.5975259422721352,0.3485135426867266
0.723,0.08942912083621671,0.5985332766668072,0.3489316219157283
0.724,0.09008335463001584,0.5995424623082836,0.3493535727526424
0.725,0.09074237900616916,0.6005535129191322,0.3497794331698451
0.726,0.09140623825686667,0.6015664422219213,0.3502092411397128
0.727,0.09207497667429833,0.6025812639392191,0.3506430346346217
0.728,0.0927486385506541,0.6035979917935934,0.35108085162694813
0.729,0.09342726817812398,0.6046166395076125,0.3515227300890684
0.73,0.09411090984889793,0.6056372208038444,0.3519687079933588
0.731,0.09479960785516593,0.6066597494048573,0.3524188233121955
0.732,0.09549340648911796,0.6076842390332192,0.3528731140179549
0.733,0.09619235004294398,0.6087107034114984,0.3533316180830133
0.734,0.09689648280883396,0.6097391562622626,0.35379437347974696
0.735,0.0976058490827256,0.6107696113513408,0.35426141821363133
0.736,0.09832049675656686,0.6118020829631471,0.3547327931146695
0.737,0.09904047818430047,0.6128365857191737,0.3552085423013101
0.738,0.0997658459246068,0.6138731342462447,0.3556887100357381
0.739,0.10049665253616624,0.6149117431711846,0.35617334058013816
0.74,0.10123295057765921,0.6159524271208177,0.35666247819669517
0.741,0.10197479260776607,0.6169952007219685,0.3571561671475939
0.742,0.10272223118516721,0.6180400786014613,0.3576544516950191
0.743,0.10347531886854303,0.6190870753861204,0.3581573761011556
0.744,0.10423410821657392,0.6201362057027702,0.3586649846281882
0.745,0.10499865178794025,0.6211874841782352,0.3591773215383016
0.746,0.10576900214132243,0.6222409254393396,0.35969443109368077
0.747,0.10654521183540083,0.6232965441129079,0.3602163575565104
0.748,0.10732733342885586,0.6243543548257644,0.36074314518897527
0.749,0.10811541942348134,0.6254143722272453,0.36127483823232864
0.75,0.10890952560078244,0.6264766113998136,0.36181148349515135
0.751,0.10970971410169557,0.6275410877969414,0.3623531323956326
0.752,0.11051604763105152,0.6286078168820355,0.36289983674264964
0.753,0.11132858889368105,0.6296768141185028,0.36345164834507987
0.754,0.11214740059441497,0.6307480949697502,0.36400861901180076
0.755,0.11297254543808403,0.6318216748991845,0.36457080055168956
0.756,0.11380408612951903,0.6328975693702127,0.36513824477362367
0.757,0.11464208537355074,0.6339757938462416,0.36571100348648045
0.758,0.11548660587500995,0.635056363790678,0.3662891284991373
0.759,0.11633771033872742,0.636139294666929,0.3668726716204716
0.76,0.11719546146953394,0.6372246019384012,0.3674616846593607
0.761,0.11805992197226031,0.6383123010685017,0.3680562194246819
0.762,0.11893115455173728,0.6394024075206374,0.3686563277253127
0.763,0.11980922184755155,0.6404949367680473,0.3692620613347755
0.764,0.12069418920726813,0.6415899046257789,0.3698734741580242
0.765,0.12158613054599028,0.6426873272721098,0.3704906262075294
0.766,0.12248512107636025,0.6437872208949731,0.37111357838057496
0.767,0.12339123601102026,0.6448896016823022,0.37174239157444444
0.768,0.1243045505626125,0.6459944858220308,0.3723771266864216
0.769,0.1252251399437792,0.6471018895020919,0.37301784461379
0.77,0.12615307936716258,0.6482118289104191,0.37366460625383346
0.771,0.12708844404540484,0.6493243202349458,0.37431747250383557
0.772,0.12803130919114822,0.6504393796636053,0.37497650426108003
0.773,0.1289817500170349,0.651557023384331,0.37564176242285047
0.774,0.12993984173570716,0.6526772675850564,0.37631330788643064
0.775,0.13090565955980718,0.6538001284537147,0.37699120154910415
0.776,0.13187927870197716,0.6549256221782394,0.3776755043081547
0.777,0.13286077447652936,0.6560537649528734,0.3783662771355504
0.778,0.13385022988064077,0.6571845733780077,0.37906358657843464
0.779,0.1348477342426274,0.6583180642408449,0.37976750363489664
0.78,0.13585337572637968,0.6594542542197528,0.380478098412219
0.781,0.13686724249578808,0.660593159993099,0.38119544101768466
0.782,0.13788942271474303,0.6617347982392513,0.3819196015585763
0.783,0.13892000454713496,0.6628791856365774,0.3826506501421768
0.784,0.13995907615685435,0.6640263388634452,0.3833886568757689
0.785,0.1410067257077916,0.6651762745982222,0.3841336918666354
0.786,0.1420630413638372,0.6663290095192761,0.38488582522205905
0.787,0.14312811128065472,0.6674845603061034,0.38564512704493653
0.788,0.14420202601357202,0.6686429437602472,0.3864116691813954
0.789,0.14528488471115575,0.6698041768443829,0.3871855294364445
0.79,0.14637678829386022,0.6709682765208937,0.38796678680933194
0.791,0.1474778376821398,0.6721352597521635,0.38875552029930555
0.792,0.14858813379644883,0.6733051435005757,0.3895518089056133
0.793,0.14970777755724166,0.674477944728514,0.3903557316275032
0.794,0.15083686988497264,0.6756536803983617,0.3911673674642232
0.795,0.1519755117000961,0.6768323674725025,0.3919867954150213
0.796,0.15312380392306643,0.67801402291332,0.3928140944791454
0.797,0.15428184746517004,0.6791986636843077,0.39364934365097154
0.798,0.15544974595299774,0.6803863068461853,0.3944926238659639
0.799,0.15662761307747847,0.6815769695287214,0.39534402291359916
0.8,0.15781556467117702,0.6827706688405355,0.39620362999993514
0.801,0.1590137165666581,0.6839674218902466,0.39707153433102943
0.802,0.16022218459648654,0.685167245786474,0.3979478251129398
0.803,0.16144108459322706,0.686370157637837,0.39883259155172396
0.804,0.16267053238944443,0.6875761745529548,0.3997259228534396
0.805,0.16391064381770343,0.6887853136404466,0.4006279082241445
0.806,0.1651615347105688,0.6899975920089315,0.40153863686989627
0.807,0.1664233208903825,0.691213026768098,0.40245819799134414
0.808,0.16769612125090733,0.692431635094913,0.4033866829495655
0.809,0.16898006650644146,0.6936534341254766,0.40432419100697686
0.81,0.17027528997121655,0.6948784409496462,0.4052708231125529
0.811,0.17158192495946414,0.6961066726572791,0.4062266802152685
0.812,0.1729001047854159,0.6973381463382325,0.4071918632640982
0.8130000000000001,0.1742299627633034,0.6985728790823641,0.40816647320801674
0.8140000000000001,0.1755716322073583,0.6998108879795308,0.40915061099599886
0.8150000000000001,0.17692524643181215,0.7010521901195904,0.41014437757701927
0.8160000000000001,0.1782909387508966,0.7022968025923999,0.41114787390005275
0.8170000000000001,0.17966884246726297,0.7035447424888105,0.41216120090801384
0.8180000000000001,0.18105909433777628,0.7047960269302904,0.413184461939238
0.8190000000000001,0.18246184504038732,0.7060506728680077,0.4142177694581973
0.8200000000000001,0.18387724843194156,0.7073086971776821,0.41526123794761904
0.8210000000000001,0.18530545836928447,0.708570116735033,0.4163149818902303
0.8220000000000001,0.18674662870926154,0.70983494841578,0.41737911576875847
0.8230000000000001,0.18820091330871827,0.7111032090956426,0.4184537540659307
0.8240000000000001,0.18966846602450016,0.7123749156503404,0.4195390112644743
0.8250000000000001,0.19114944071345263,0.7136500849555928,0.42063500184711644
0.8260000000000001,0.19264399123242126,0.7149287338871195,0.42174184029658435
0.8270000000000001,0.19415227142482833,0.716210879321557,0.4228596410887457
0.8280000000000001,0.19567443897737755,0.717496538125087,0.42398852134084153
0.8290000000000001,0.19721066803003162,0.7187857268436908,0.42512860873806996
0.8300000000000001,0.19876113665051895,0.7200784619130364,0.42628003339744536
0.8310000000000001,0.20032602290656779,0.7213747597687914,0.4274429254359825
0.8320000000000001,0.20190550486590647,0.7226746368466237,0.42861741497069594
0.833,0.20349976059626312,0.723978109582201,0.42980363211860007
0.834,0.20510896816536645,0.7252851944111914,0.4310017069967098
0.835,0.20673330564094455,0.7265959077692625,0.4322117697220397
0.836,0.2083729510907258,0.7279102660920822,0.43343395041160415
0.837,0.21002808256752606,0.7292282858161304,0.43466837917491136
0.838,0.21169888241939613,0.7305499833201301,0.4359151890397406
0.839,0.213385552453032,0.7318753744949514,0.4371745252836322
0.84,0.21508829931699966,0.7332044750824752,0.43844653611376727
0.841,0.21680732965986504,0.7345373008245821,0.43973136973732674
0.842,0.21854285013019417,0.7358738674631526,0.44102917436149175
0.843,0.220295067376553,0.7372141907400676,0.44234009819344317
0.844,0.22206418804750747,0.7385582863972076,0.4436642894403622
0.845,0.2238504187916236,0.7399061701764531,0.4450018963094297
0.846,0.22565396625746736,0.741257857819685,0.44635306700782684
0.847,0.22747503708022748,0.7426133650695571,0.44771794973589957
0.848,0.22931384302693136,0.7439727075668647,0.4490966960581513
0.849,0.23117061876399617,0.7453359002724941,0.4504894716921207
0.85,0.2330456046861215,0.7467029579479294,0.4518964457840312
0.851,0.23493904118800704,0.7480738953546553,0.4533177874801058
0.852,0.23685116866435232,0.7494487272541559,0.4547536659265678
0.853,0.23878222750985698,0.7508274684079157,0.45620425026964034
0.854,0.24073245811922062,0.752210133577419,0.45766970965554665
0.855,0.24270210088714284,0.75359673752415,0.4591502132305099
0.856,0.24469139620832325,0.7549872950095934,0.4606459301407533
0.857,0.2467005845090021,0.7563818207944949,0.46215702955246485
0.858,0.2487299180954457,0.7577803293012433,0.4636836879702778
0.859,0.250779672148205,0.7591828342139335,0.46522609576725765
0.86,0.2528501235211623,0.7605893491351517,0.4667844442482106
0.861,0.25494154906819977,0.7619998876674844,0.4683589247179428
0.862,0.2570542256431996,0.7634144634135175,0.46994972848126065
0.863,0.25918843010004394,0.7648330899758374,0.47155704684297023
0.864,0.2613444392926151,0.7662557809570304,0.4731810711078778
0.865,0.2635225300747953,0.7676825499596827,0.4748219925807897
0.866,0.26572298138557693,0.7691134105287023,0.4764800038609262
0.867,0.2679460949776683,0.7705483754640485,0.4781553112213629
0.868,0.2701921861408916,0.7719874570884196,0.4798481288977577
0.869,0.27246157032117213,0.773430667718231,0.48155867121424406
0.87,0.2747545629644356,0.7748780196698978,0.4832871524949555
0.871,0.27707147951660754,0.7763295252598355,0.48503378706402556
0.872,0.27941263542361344,0.7777851968044592,0.48679878924558756
0.873,0.28177834613137887,0.7792450466201843,0.48858237336377514
0.874,0.28416892742492206,0.7807090870144069,0.4903847539609375
0.875,0.2865847128994724,0.7821773297085054,0.49220615614013474
0.876,0.2890260609688411,0.7836497855708042,0.49404681942854284
0.877,0.2914933318055598,0.7851264654064866,0.4959069843538912
0.878,0.29398688558216024,0.7866073800207355,0.4977868914439092
0.879,0.29650708247117413,0.7880925402187342,0.4996867812263262
0.88,0.29905428264513323,0.789581956805666,0.5016068942288716
0.881,0.30162884627656916,0.791075640586714,0.5035474709792748
0.882,0.3042311335246781,0.7925736023675474,0.5055087519993822
0.883,0.30686151455500044,0.7940758526225559,0.5074909837017103
0.884,0.3095203942665295,0.7955824006645593,0.5094944324319998
0.885,0.31220818478285706,0.7970932555630987,0.5115193686084057
0.886,0.3149252982275749,0.7986084263877153,0.5135660626490832
0.887,0.3176721467242747,0.8001279222079503,0.5156347849721874
0.888,0.32044914239654826,0.8016517520933447,0.5177258059958734
0.889,0.32325669736798734,0.8031799251134398,0.5198393961382964
0.89,0.32609522376218364,0.8047124503377768,0.5219758258176115
0.891,0.3289651375264054,0.8062493367068115,0.5241353676935437
0.892,0.3318668914044348,0.8077905919674776,0.5263183152982414
0.893,0.33480095785698566,0.8093362232413274,0.5285249731449841
0.894,0.33776780950178203,0.8108862376451693,0.5307556458311103
0.895,0.34076791895654795,0.8124406422958118,0.5330106379539585
0.896,0.34380175883900754,0.8139994443100632,0.5352902541108668
0.897,0.3468698017668849,0.815562650804732,0.5375947988991737
0.898,0.34997252035790405,0.8171302688966264,0.5399245769162173
0.899,0.3531103879508957,0.8187023056749756,0.5422798931928534
0.9,0.35628390774469537,0.8202787672883116,0.5446610695043912
0.901,0.3594936206858156,0.8218596587627575,0.5470684483934236
0.902,0.3627400700210537,0.8234449850604784,0.5495023736414564
0.903,0.36602379899720683,0.8250347511436391,0.5519631890299953
0.904,0.36934535086107234,0.8266289619744047,0.5544512383405464
0.905,0.37270526885944755,0.82822762251494,0.5569668653546155
0.906,0.3761040962391297,0.8298307377274099,0.5595104138537083
0.907,0.37954237622273146,0.8314383125736057,0.5620822276105604
0.908,0.38302066967580556,0.8330503514686115,0.5646826602084115
0.909,0.3865395923141661,0.8346668572987904,0.5673120950185273
0.91,0.390099770038084,0.8362878326891231,0.569970920849571
0.911,0.3937018287478299,0.8379132802645903,0.5726595265102058
0.912,0.3973463943436747,0.8395432026501727,0.5753783008090948
0.913,0.4010340927258891,0.8411776024708508,0.5781276325549011
0.914,0.404765549794744,0.8428164823516056,0.580907910556288
0.915,0.40854139145051016,0.8444598449174173,0.5837195236219185
0.916,0.412362261285627,0.8461076923105428,0.5865628701244849
0.917,0.4162288634885312,0.8477600250885499,0.5894383809573557
0.918,0.4201419071893126,0.8494168437259282,0.5923464895071202
0.919,0.4241021012594537,0.851078148704702,0.595287629018924
0.92,0.4281101545704372,0.8527439405068953,0.5982622327379126
0.921,0.4321667759937458,0.8544142196145322,0.6012707339092315
0.922,0.43627267929554725,0.8560889863760376,0.6043135684176807
0.923,0.44042862617234474,0.8577682399854082,0.6073911975245858
0.924,0.4446354050648856,0.8594519790463921,0.6105040964855762
0.925,0.4488938046869632,0.8611402021580128,0.6136527406951644
0.926,0.453204613752371,0.8628329079192935,0.6168376055478626
0.927,0.45756862097490225,0.8645300949292573,0.6200591664381832
0.928,0.46198661890817516,0.8662317616877696,0.6233179008101976
0.929,0.4664594505874335,0.8679379055770331,0.6266143125062263
0.93,0.47098799410785946,0.8696485232748223,0.6299489234912041
0.931,0.47557312824399456,0.8713636114479177,0.6333222560734173
0.932,0.48021573177038024,0.8730831667630994,0.6367348325611524
0.933,0.48491668346155803,0.8748071858871476,0.6401871752626958
0.934,0.4896768649634777,0.8765356654172861,0.6436798080045029
0.935,0.494497210329479,0.8782686008969625,0.6472132816823208
0.936,0.49937869871216545,0.8800059870519193,0.650788170222227
0.937,0.5043223106938396,0.8817478185864992,0.6544050482669812
0.9380000000000001,0.509329026856804,0.883494090205045,0.6580644904593433
0.9390000000000001,0.5143998277833616,0.8852447966118991,0.6617670714420733
0.9400000000000001,0.5195356961317268,0.8869999324646541,0.6655133669363805
0.9410000000000001,0.5247376683400613,0.8887594914496589,0.6693039800667765
0.9420000000000001,0.5300068374421071,0.8905234663365169,0.6731395425605193
0.9430000000000001,0.5353442991137035,0.892291849858992,0.6770206874646156
0.9440000000000001,0.5407511490306897,0.8940646347508481,0.6809480478260719
0.9450000000000001,0.5462284828689048,0.8958418137458489,0.6849222566918948
0.9460000000000001,0.551777397772979,0.8976233795497129,0.6889439478504855
0.9470000000000001,0.5573990458293954,0.8994093239990824,0.6930137826412082
0.9480000000000001,0.5630946486977741,0.9011996379151536,0.6971324572054364
0.9490000000000001,0.5688654324696918,0.9029943120615813,0.70130066989429
0.9500000000000001,0.5747126232367247,0.9047933372020204,0.7055191190588891
0.9510000000000001,0.5806374470904493,0.9065967041001255,0.7097885030503539
0.9520000000000001,0.5866411308167399,0.908404403503365,0.7141095205834167
0.9530000000000001,0.592724954467963,0.9102164253988927,0.7184828968616654
0.9540000000000001,0.5988902857691346,0.9120327587036687,0.7229094001576044
0.9550000000000001,0.6051385004667754,0.9138533922542524,0.7273898026330797
0.9560000000000001,0.6114709743074062,0.9156783148872029,0.7319248764499374
0.9570000000000001,0.6178890830375479,0.9175075154390789,0.736515393770024
0.9580000000000001,0.6243942042268894,0.919340982721514,0.7411621276628042
0.9590000000000001,0.6309877856164162,0.9211787046791529,0.745865885742472
0.96,0.6376713463107636,0.9230206684980333,0.7506275102374195
0.961,0.6444464056891446,0.9248668613897859,0.7554478433893714
0.962,0.6513144831307703,0.9267172705660406,0.7603277274400513
0.963,0.6582771127125772,0.9285718830644647,0.7652680118577576
0.964,0.6653359157071037,0.9304306850508643,0.7702695882467481
0.965,0.6724925450346496,0.9322936624188711,0.7753333633010924
0.966,0.6797486536511232,0.934160801062035,0.7804602437308045
0.967,0.6871058975973794,0.9360320868359255,0.785651137771974
0.968,0.6945660038192458,0.9379075049359001,0.7909069877588876
0.969,0.7021307692888573,0.9397870399988857,0.7962287692714474
0.97,0.7098019938994018,0.9416706766443248,0.8016174592496601
0.971,0.7175814775835209,0.9435583994902831,0.8070740346592262
0.972,0.7254710593076391,0.9454501928141366,0.8125994912137956
0.973,0.7334726836113142,0.9473460401092085,0.8181948744366558
0.974,0.7415883124581917,0.9492459247590399,0.823861237943699
0.975,0.7498199078119174,0.9511498301471717,0.829599635350817
0.976,0.758169442462938,0.9530577395370354,0.8354111256447719
0.977,0.7666389994059651,0.9549696354467007,0.8412968196555478
0.978,0.7752307222166507,0.9568855001133196,0.8472578559492758
0.979,0.7839467549690866,0.9588053157737485,0.8532953733083558
0.98,0.7927892434393963,0.9607290646453236,0.8594105113717366
0.981,0.8017604108505413,0.9626567284223654,0.8656044462754342
0.982,0.8108625848280413,0.9645882882342532,0.8718784024047393
0.983,0.8200981001651213,0.9665237251825103,0.8782336073833091
0.984,0.8294692918082099,0.968463020368043,0.8846712889045306
0.985,0.8389785592627399,0.9704061546006808,0.8911927042301843
0.986,0.8486284133425254,0.9723531081346132,0.8977991619193854
0.987,0.8584213678490773,0.9743038611894712,0.9044919720237439
0.988,0.8683599794409863,0.9762583938396443,0.9112724639136096
0.989,0.878446904722185,0.9782166857169807,0.9181420126899126
0.99,0.8886848145104905,0.9801787163700028,0.9251020000889747
0.991,0.8990764316567434,0.9821444651870457,0.9321538311591546
0.992,0.9096245826675736,0.9841139111486249,0.939298958106125
0.993,0.9203321069561694,0.9860870331708407,0.9465388391201167
0.994,0.9312019097382738,0.9880638099932632,0.9538749617030298
0.995,0.9422369967416065,0.990044219982136,0.9613088588293244
0.996,0.9534403825770953,0.9920282414543002,0.9688420675992222
0.997,0.9648151582503329,0.9940158525329692,0.976476159027596
0.998,0.9763645324644944,0.9960070309975214,0.9842127568256716
0.999,0.9880917275116818,0.998001754583144,0.9920534908335342
1.,1.,1.,1.